Matthews Natasha,(0811) 1957873
Rose Fiona,+44(0)9428115121
Green Maria,00441202898
Robertson Lindsay,0050 0497749
Chapman Greg,+44(0)1980 425011
Allen Patrick,09066559602
Morris Elizabeth,(04666) 158539
Miller Tanya,(01859) 33830
Shaw Dennis,(03922) 94821
Wilkinson Emily,+44(0)4137 72085
Reynolds Dale,0087733062
Allen Ryan,+44(0)2287040758
Harrison Chloe,04887 35404
Hill Yasmine,(0637) 628 3886
Davis Liam,+44(0)088131228
Saunders Jamie,0620902921
Thomas Lexi,0082 024 9159
Davies Julie,0867 9746500
Hughes Patrick,(04368) 36818
Stewart Jackson,(0109) 507 3573
Morgan Dylan,0033 1530812
Mitchell Ken,00344 46995
Cooper Sonia,+44(0)5139 090096
Lee Karlie,+44(0)6819 812972
Graham Michael,+44(0)3321 85333
Anderson Mark,+44(0)5611 025786
Wood Heather,+44(0)9297 15977
Harrison Fred,01740448397
Lee Dave,01392112329
Walker Megan,+44(0)1748 77975
Stewart Kimberly,0367 1950948
Edwards Sally,(00200) 730806
Butler David,(0395) 437 1861
James Carmen,09270 87500
Adams Yasmine,0524621871
Hall Sonia,(03892) 517156
Thomas Mohammed,(07084) 069870
Lloyd Samuel,0872494876
King Dean,0127 464 8023
Moore Theresa,+44(0)7244 22187
Watson Kirsty,00855501363
Moore Zach,(0346) 4055901
Harris Bradley,0448 5553059
James Tanya,+44(0)596637029
Wright Joe,(0282) 2002966
Hunter Teagan,0588 765 5563
Walker Dan,(05850) 57570
Johnson Philip,04720 193508
Reid Poppy,+44(0)2815 80501
Mitchell Muhammad,0693917595
